Ref,Val,Package,PosX,PosY,Rot,Side
"C9","C_0603_1608Metric","C_0603_1608Metric",19.500000,-37.500000,90.000000,bottom
"C12","C_0603_1608Metric","C_0603_1608Metric",14.000000,-46.800000,90.000000,bottom
"C13","C_0603_1608Metric","C_0603_1608Metric",32.700000,-46.800000,90.000000,bottom
"C14","C_0603_1608Metric","C_0603_1608Metric",51.400000,-46.800000,90.000000,bottom
"C15","C_0603_1608Metric","C_0603_1608Metric",70.100000,-46.800000,90.000000,bottom
"C16","C_0603_1608Metric","C_0603_1608Metric",88.800000,-46.800000,90.000000,bottom
"C17","C_0603_1608Metric","C_0603_1608Metric",88.800000,-66.100000,90.000000,bottom
"C18","C_0603_1608Metric","C_0603_1608Metric",70.100000,-66.100000,90.000000,bottom
"C19","C_0603_1608Metric","C_0603_1608Metric",51.400000,-66.100000,90.000000,bottom
"C20","C_0603_1608Metric","C_0603_1608Metric",32.700000,-66.100000,90.000000,bottom
"C21","C_0603_1608Metric","C_0603_1608Metric",14.000000,-66.100000,90.000000,bottom
"C22","C_0603_1608Metric","C_0603_1608Metric",14.000000,-85.400000,90.000000,bottom
"C23","C_0603_1608Metric","C_0603_1608Metric",32.700000,-85.400000,90.000000,bottom
"C24","C_0603_1608Metric","C_0603_1608Metric",51.400000,-85.400000,90.000000,bottom
"C25","C_0603_1608Metric","C_0603_1608Metric",70.100000,-85.400000,90.000000,bottom
"C26","C_0603_1608Metric","C_0603_1608Metric",88.800000,-85.400000,90.000000,bottom
"C27","C_0603_1608Metric","C_0603_1608Metric",88.800000,-104.700000,90.000000,bottom
"C28","C_0603_1608Metric","C_0603_1608Metric",70.100000,-104.700000,90.000000,bottom
"C29","C_0603_1608Metric","C_0603_1608Metric",51.400000,-104.700000,90.000000,bottom
"C30","C_0603_1608Metric","C_0603_1608Metric",32.700000,-104.700000,90.000000,bottom
"C31","C_0603_1608Metric","C_0603_1608Metric",14.000000,-104.700000,90.000000,bottom
"D1","D_SOD-123","D_SOD-123",13.600000,-36.000000,0.000000,bottom
"D2","D_SOD-123","D_SOD-123",32.300000,-36.000000,0.000000,bottom
"D3","D_SOD-123","D_SOD-123",51.000000,-36.000000,0.000000,bottom
"D4","D_SOD-123","D_SOD-123",69.700000,-36.000000,0.000000,bottom
"D5","D_SOD-123","D_SOD-123",88.400000,-36.000000,0.000000,bottom
"D6","D_SOD-123","D_SOD-123",13.600000,-55.300000,0.000000,bottom
"D7","D_SOD-123","D_SOD-123",32.300000,-55.300000,0.000000,bottom
"D8","D_SOD-123","D_SOD-123",51.000000,-55.300000,0.000000,bottom
"D9","D_SOD-123","D_SOD-123",69.700000,-55.300000,0.000000,bottom
"D10","D_SOD-123","D_SOD-123",88.400000,-55.300000,0.000000,bottom
"D11","D_SOD-123","D_SOD-123",13.600000,-74.600000,0.000000,bottom
"D12","D_SOD-123","D_SOD-123",32.300000,-74.600000,0.000000,bottom
"D13","D_SOD-123","D_SOD-123",51.000000,-74.600000,0.000000,bottom
"D14","D_SOD-123","D_SOD-123",69.700000,-74.600000,0.000000,bottom
"D15","D_SOD-123","D_SOD-123",88.400000,-74.600000,0.000000,bottom
"D16","D_SOD-123","D_SOD-123",13.600000,-93.900000,0.000000,bottom
"D17","D_SOD-123","D_SOD-123",32.300000,-93.900000,0.000000,bottom
"D18","D_SOD-123","D_SOD-123",51.000000,-93.900000,0.000000,bottom
"D19","D_SOD-123","D_SOD-123",69.700000,-93.900000,0.000000,bottom
"D20","D_SOD-123","D_SOD-123",88.400000,-93.900000,0.000000,bottom
"D21","D_SOD-123","D_SOD-123",80.000000,-22.000000,0.000000,bottom
"D22","D_SOD-123","D_SOD-123",85.000000,-22.000000,0.000000,bottom
"D23","D_SOD-123","D_SOD-123",90.000000,-22.000000,0.000000,bottom
"D24","D_SOD-123","D_SOD-123",82.500000,-25.000000,0.000000,bottom
"D25","D_SOD-123","D_SOD-123",87.500000,-25.000000,0.000000,bottom
"LED1","LED-SMD_4P-L3.2-W2.8-LS5.9_SK6812MINI-E","LED-SMD_4P-L3.2-W2.8-LS5.9_SK6812MINI-E",18.600000,-46.800000,0.000000,bottom
"LED2","LED-SMD_4P-L3.2-W2.8-LS5.9_SK6812MINI-E","LED-SMD_4P-L3.2-W2.8-LS5.9_SK6812MINI-E",37.300000,-46.800000,0.000000,bottom
"LED3","LED-SMD_4P-L3.2-W2.8-LS5.9_SK6812MINI-E","LED-SMD_4P-L3.2-W2.8-LS5.9_SK6812MINI-E",56.000000,-46.800000,0.000000,bottom
"LED4","LED-SMD_4P-L3.2-W2.8-LS5.9_SK6812MINI-E","LED-SMD_4P-L3.2-W2.8-LS5.9_SK6812MINI-E",74.700000,-46.800000,0.000000,bottom
"LED5","LED-SMD_4P-L3.2-W2.8-LS5.9_SK6812MINI-E","LED-SMD_4P-L3.2-W2.8-LS5.9_SK6812MINI-E",93.400000,-46.800000,0.000000,bottom
"LED6","LED-SMD_4P-L3.2-W2.8-LS5.9_SK6812MINI-E","LED-SMD_4P-L3.2-W2.8-LS5.9_SK6812MINI-E",93.400000,-66.100000,180.000000,bottom
"LED7","LED-SMD_4P-L3.2-W2.8-LS5.9_SK6812MINI-E","LED-SMD_4P-L3.2-W2.8-LS5.9_SK6812MINI-E",74.700000,-66.100000,180.000000,bottom
"LED8","LED-SMD_4P-L3.2-W2.8-LS5.9_SK6812MINI-E","LED-SMD_4P-L3.2-W2.8-LS5.9_SK6812MINI-E",56.000000,-66.100000,180.000000,bottom
"LED9","LED-SMD_4P-L3.2-W2.8-LS5.9_SK6812MINI-E","LED-SMD_4P-L3.2-W2.8-LS5.9_SK6812MINI-E",37.300000,-66.100000,180.000000,bottom
"LED10","LED-SMD_4P-L3.2-W2.8-LS5.9_SK6812MINI-E","LED-SMD_4P-L3.2-W2.8-LS5.9_SK6812MINI-E",18.600000,-66.100000,180.000000,bottom
"LED11","LED-SMD_4P-L3.2-W2.8-LS5.9_SK6812MINI-E","LED-SMD_4P-L3.2-W2.8-LS5.9_SK6812MINI-E",18.600000,-85.400000,0.000000,bottom
"LED12","LED-SMD_4P-L3.2-W2.8-LS5.9_SK6812MINI-E","LED-SMD_4P-L3.2-W2.8-LS5.9_SK6812MINI-E",37.300000,-85.400000,0.000000,bottom
"LED13","LED-SMD_4P-L3.2-W2.8-LS5.9_SK6812MINI-E","LED-SMD_4P-L3.2-W2.8-LS5.9_SK6812MINI-E",56.000000,-85.400000,0.000000,bottom
"LED14","LED-SMD_4P-L3.2-W2.8-LS5.9_SK6812MINI-E","LED-SMD_4P-L3.2-W2.8-LS5.9_SK6812MINI-E",74.700000,-85.400000,0.000000,bottom
"LED15","LED-SMD_4P-L3.2-W2.8-LS5.9_SK6812MINI-E","LED-SMD_4P-L3.2-W2.8-LS5.9_SK6812MINI-E",93.400000,-85.400000,0.000000,bottom
"LED16","LED-SMD_4P-L3.2-W2.8-LS5.9_SK6812MINI-E","LED-SMD_4P-L3.2-W2.8-LS5.9_SK6812MINI-E",93.400000,-104.700000,180.000000,bottom
"LED17","LED-SMD_4P-L3.2-W2.8-LS5.9_SK6812MINI-E","LED-SMD_4P-L3.2-W2.8-LS5.9_SK6812MINI-E",74.700000,-104.700000,180.000000,bottom
"LED18","LED-SMD_4P-L3.2-W2.8-LS5.9_SK6812MINI-E","LED-SMD_4P-L3.2-W2.8-LS5.9_SK6812MINI-E",56.000000,-104.700000,180.000000,bottom
"LED19","LED-SMD_4P-L3.2-W2.8-LS5.9_SK6812MINI-E","LED-SMD_4P-L3.2-W2.8-LS5.9_SK6812MINI-E",37.300000,-104.700000,180.000000,bottom
"LED20","LED-SMD_4P-L3.2-W2.8-LS5.9_SK6812MINI-E","LED-SMD_4P-L3.2-W2.8-LS5.9_SK6812MINI-E",18.600000,-104.700000,180.000000,bottom
"R11","R_0603_1608Metric","R_0603_1608Metric",28.000000,-33.000000,0.000000,bottom
"SW1","CONN-SMD_HOTPLUGPAKAGE__C9900010116","CONN-SMD_HOTPLUGPAKAGE__C9900010116",18.600000,-42.000000,0.000000,bottom
"SW2","CONN-SMD_HOTPLUGPAKAGE__C9900010116","CONN-SMD_HOTPLUGPAKAGE__C9900010116",37.300000,-42.000000,0.000000,bottom
"SW3","CONN-SMD_HOTPLUGPAKAGE__C9900010116","CONN-SMD_HOTPLUGPAKAGE__C9900010116",56.000000,-42.000000,0.000000,bottom
"SW4","CONN-SMD_HOTPLUGPAKAGE__C9900010116","CONN-SMD_HOTPLUGPAKAGE__C9900010116",74.700000,-42.000000,0.000000,bottom
"SW5","CONN-SMD_HOTPLUGPAKAGE__C9900010116","CONN-SMD_HOTPLUGPAKAGE__C9900010116",93.400000,-42.000000,0.000000,bottom
"SW6","CONN-SMD_HOTPLUGPAKAGE__C9900010116","CONN-SMD_HOTPLUGPAKAGE__C9900010116",18.600000,-61.300000,0.000000,bottom
"SW7","CONN-SMD_HOTPLUGPAKAGE__C9900010116","CONN-SMD_HOTPLUGPAKAGE__C9900010116",37.300000,-61.300000,0.000000,bottom
"SW8","CONN-SMD_HOTPLUGPAKAGE__C9900010116","CONN-SMD_HOTPLUGPAKAGE__C9900010116",56.000000,-61.300000,0.000000,bottom
"SW9","CONN-SMD_HOTPLUGPAKAGE__C9900010116","CONN-SMD_HOTPLUGPAKAGE__C9900010116",74.700000,-61.300000,0.000000,bottom
"SW10","CONN-SMD_HOTPLUGPAKAGE__C9900010116","CONN-SMD_HOTPLUGPAKAGE__C9900010116",93.400000,-61.300000,0.000000,bottom
"SW11","CONN-SMD_HOTPLUGPAKAGE__C9900010116","CONN-SMD_HOTPLUGPAKAGE__C9900010116",18.600000,-80.600000,0.000000,bottom
"SW12","CONN-SMD_HOTPLUGPAKAGE__C9900010116","CONN-SMD_HOTPLUGPAKAGE__C9900010116",37.300000,-80.600000,0.000000,bottom
"SW13","CONN-SMD_HOTPLUGPAKAGE__C9900010116","CONN-SMD_HOTPLUGPAKAGE__C9900010116",56.000000,-80.600000,0.000000,bottom
"SW14","CONN-SMD_HOTPLUGPAKAGE__C9900010116","CONN-SMD_HOTPLUGPAKAGE__C9900010116",74.700000,-80.600000,0.000000,bottom
"SW15","CONN-SMD_HOTPLUGPAKAGE__C9900010116","CONN-SMD_HOTPLUGPAKAGE__C9900010116",93.400000,-80.600000,0.000000,bottom
"SW16","CONN-SMD_HOTPLUGPAKAGE__C9900010116","CONN-SMD_HOTPLUGPAKAGE__C9900010116",18.600000,-99.900000,0.000000,bottom
"SW17","CONN-SMD_HOTPLUGPAKAGE__C9900010116","CONN-SMD_HOTPLUGPAKAGE__C9900010116",37.300000,-99.900000,0.000000,bottom
"SW18","CONN-SMD_HOTPLUGPAKAGE__C9900010116","CONN-SMD_HOTPLUGPAKAGE__C9900010116",56.000000,-99.900000,0.000000,bottom
"SW19","CONN-SMD_HOTPLUGPAKAGE__C9900010116","CONN-SMD_HOTPLUGPAKAGE__C9900010116",74.700000,-99.900000,0.000000,bottom
"SW20","CONN-SMD_HOTPLUGPAKAGE__C9900010116","CONN-SMD_HOTPLUGPAKAGE__C9900010116",93.400000,-99.900000,0.000000,bottom
"U2","SOT-23-5_L3.0-W1.7-P0.95-LS2.8-BR","SOT-23-5_L3.0-W1.7-P0.95-LS2.8-BR",24.000000,-35.000000,0.000000,bottom
"C1","C_0603_1608Metric","C_0603_1608Metric",12.000000,-21.000000,0.000000,top
"C2","C_0603_1608Metric","C_0603_1608Metric",16.500000,-21.000000,0.000000,top
"C3","C_0603_1608Metric","C_0603_1608Metric",21.000000,-21.000000,0.000000,top
"C4","C_0805_2012Metric","C_0805_2012Metric",25.500000,-21.000000,0.000000,top
"C5","C_0603_1608Metric","C_0603_1608Metric",17.500000,-24.500000,0.000000,top
"C6","C_0805_2012Metric","C_0805_2012Metric",94.000000,-15.000000,0.000000,top
"C7","C_0805_2012Metric","C_0805_2012Metric",103.500000,-15.000000,0.000000,top
"ENC1","SW-TH_EC11E1820402","SW-TH_EC11E1820402",39.000000,-13.000000,0.000000,top
"J1","USB-C_SMD-TYPE-C-31-M-12_1","USB-C_SMD-TYPE-C-31-M-12_1",60.000000,-4.400000,180.000000,top
"JS1","SKQUCAA010","SKQUCAA010",86.000000,-13.000000,0.000000,top
"R1","R_0603_1608Metric","R_0603_1608Metric",49.000000,-7.900000,0.000000,top
"R2","R_0603_1608Metric","R_0603_1608Metric",53.000000,-7.900000,0.000000,top
"R9","R_0603_1608Metric","R_0603_1608Metric",7.500000,-24.500000,0.000000,top
"R10","R_0603_1608Metric","R_0603_1608Metric",12.500000,-24.500000,0.000000,top
"SW26","SW-SMD_4P-L5.1-W5.1-P3.70-LS6.5-TL_H1.5","SW-SMD_4P-L5.1-W5.1-P3.70-LS6.5-TL_H1.5",32.000000,-28.000000,0.000000,top
"SW27","SW-SMD_4P-L5.1-W5.1-P3.70-LS6.5-TL_H1.5","SW-SMD_4P-L5.1-W5.1-P3.70-LS6.5-TL_H1.5",41.000000,-28.000000,0.000000,top
"U1","WIRELM-SMD_ESP32-S3-WROOM-1","WIRELM-SMD_ESP32-S3-WROOM-1",20.000000,-9.900000,0.000000,top
"U3","SOT-23-6_L2.9-W1.6-P0.95-LS2.8-BL","SOT-23-6_L2.9-W1.6-P0.95-LS2.8-BL",68.500000,-5.300000,0.000000,top
"U5","SOT-23-5_L3.0-W1.7-P0.95-LS2.8-BR","SOT-23-5_L3.0-W1.7-P0.95-LS2.8-BR",99.000000,-10.000000,0.000000,top
